Ref,Val,Package,PosX,PosY,Rot,Side
"R1","100","R_0805_2012Metric",144.587500,-103.750000,0.000000,top
"R2","100","R_0805_2012Metric",148.250000,-103.750000,180.000000,top
